PRAGMA foreign_keys=OFF;
BEGIN TRANSACTION;
CREATE TABLE "django_migrations" ("id" integer NOT NULL PRIMARY KEY AUTOINCREMENT, "app" varchar(255) NOT NULL, "name" varchar(255) NOT NULL, "applied" datetime NOT NULL);
INSERT INTO "django_migrations" VALUES(1,'contenttypes','0001_initial','2024-10-21 04:12:24.073030');
INSERT INTO "django_migrations" VALUES(2,'contenttypes','0002_remove_content_type_name','2024-10-21 04:12:24.189947');
INSERT INTO "django_migrations" VALUES(3,'auth','0001_initial','2024-10-21 04:12:24.425760');
INSERT INTO "django_migrations" VALUES(4,'auth','0002_alter_permission_name_max_length','2024-10-21 04:12:24.554102');
INSERT INTO "django_migrations" VALUES(5,'auth','0003_alter_user_email_max_length','2024-10-21 04:12:24.691831');
INSERT INTO "django_migrations" VALUES(6,'auth','0004_alter_user_username_opts','2024-10-21 04:12:24.909900');
INSERT INTO "django_migrations" VALUES(7,'auth','0005_alter_user_last_login_null','2024-10-21 04:12:25.043834');
INSERT INTO "django_migrations" VALUES(8,'auth','0006_require_contenttypes_0002','2024-10-21 04:12:25.126834');
INSERT INTO "django_migrations" VALUES(9,'auth','0007_alter_validators_add_error_messages','2024-10-21 04:12:25.226836');
INSERT INTO "django_migrations" VALUES(10,'auth','0008_alter_user_username_max_length','2024-10-21 04:12:25.351542');
INSERT INTO "django_migrations" VALUES(11,'auth','0009_alter_user_last_name_max_length','2024-10-21 04:12:25.442828');
INSERT INTO "django_migrations" VALUES(12,'auth','0010_alter_group_name_max_length','2024-10-21 04:12:25.577690');
INSERT INTO "django_migrations" VALUES(13,'auth','0011_update_proxy_permissions','2024-10-21 04:12:25.701751');
INSERT INTO "django_migrations" VALUES(14,'auth','0012_alter_user_first_name_max_length','2024-10-21 04:12:25.809760');
INSERT INTO "django_migrations" VALUES(15,'chatApp','0001_initial','2024-10-21 04:12:26.049949');
INSERT INTO "django_migrations" VALUES(16,'admin','0001_initial','2024-10-21 04:12:26.391316');
INSERT INTO "django_migrations" VALUES(17,'admin','0002_logentry_remove_auto_add','2024-10-21 04:12:26.542383');
INSERT INTO "django_migrations" VALUES(18,'admin','0003_logentry_add_action_flag_choices','2024-10-21 04:12:26.656322');
INSERT INTO "django_migrations" VALUES(19,'sessions','0001_initial','2024-10-21 04:12:26.866335');
INSERT INTO "django_migrations" VALUES(20,'chatApp','0002_alter_chatuser_phone','2024-10-21 08:17:56.425379');
INSERT INTO "django_migrations" VALUES(21,'chatApp','0003_room_message','2024-11-07 05:57:24.855953');
CREATE TABLE "django_content_type" ("id" integer NOT NULL PRIMARY KEY AUTOINCREMENT, "app_label" varchar(100) NOT NULL, "model" varchar(100) NOT NULL);
INSERT INTO "django_content_type" VALUES(1,'admin','logentry');
INSERT INTO "django_content_type" VALUES(3,'auth','group');
INSERT INTO "django_content_type" VALUES(2,'auth','permission');
INSERT INTO "django_content_type" VALUES(6,'chatApp','chatuser');
INSERT INTO "django_content_type" VALUES(8,'chatApp','message');
INSERT INTO "django_content_type" VALUES(7,'chatApp','room');
INSERT INTO "django_content_type" VALUES(4,'contenttypes','contenttype');
INSERT INTO "django_content_type" VALUES(5,'sessions','session');
CREATE TABLE "auth_group_permissions" ("id" integer NOT NULL PRIMARY KEY AUTOINCREMENT, "group_id" integer NOT NULL REFERENCES "auth_group" ("id") DEFERRABLE INITIALLY DEFERRED, "permission_id" integer NOT NULL REFERENCES "auth_permission" ("id") DEFERRABLE INITIALLY DEFERRED);
CREATE TABLE "auth_permission" ("id" integer NOT NULL PRIMARY KEY AUTOINCREMENT, "content_type_id" integer NOT NULL REFERENCES "django_content_type" ("id") DEFERRABLE INITIALLY DEFERRED, "codename" varchar(100) NOT NULL, "name" varchar(255) NOT NULL);
INSERT INTO "auth_permission" VALUES(1,1,'add_logentry','Can add log entry');
INSERT INTO "auth_permission" VALUES(2,1,'change_logentry','Can change log entry');
INSERT INTO "auth_permission" VALUES(3,1,'delete_logentry','Can delete log entry');
INSERT INTO "auth_permission" VALUES(4,1,'view_logentry','Can view log entry');
INSERT INTO "auth_permission" VALUES(5,2,'add_permission','Can add permission');
INSERT INTO "auth_permission" VALUES(6,2,'change_permission','Can change permission');
INSERT INTO "auth_permission" VALUES(7,2,'delete_permission','Can delete permission');
INSERT INTO "auth_permission" VALUES(8,2,'view_permission','Can view permission');
INSERT INTO "auth_permission" VALUES(9,3,'add_group','Can add group');
INSERT INTO "auth_permission" VALUES(10,3,'change_group','Can change group');
INSERT INTO "auth_permission" VALUES(11,3,'delete_group','Can delete group');
INSERT INTO "auth_permission" VALUES(12,3,'view_group','Can view group');
INSERT INTO "auth_permission" VALUES(13,4,'add_contenttype','Can add content type');
INSERT INTO "auth_permission" VALUES(14,4,'change_contenttype','Can change content type');
INSERT INTO "auth_permission" VALUES(15,4,'delete_contenttype','Can delete content type');
INSERT INTO "auth_permission" VALUES(16,4,'view_contenttype','Can view content type');
INSERT INTO "auth_permission" VALUES(17,5,'add_session','Can add session');
INSERT INTO "auth_permission" VALUES(18,5,'change_session','Can change session');
INSERT INTO "auth_permission" VALUES(19,5,'delete_session','Can delete session');
INSERT INTO "auth_permission" VALUES(20,5,'view_session','Can view session');
INSERT INTO "auth_permission" VALUES(21,6,'add_chatuser','Can add 聊天用户信息');
INSERT INTO "auth_permission" VALUES(22,6,'change_chatuser','Can change 聊天用户信息');
INSERT INTO "auth_permission" VALUES(23,6,'delete_chatuser','Can delete 聊天用户信息');
INSERT INTO "auth_permission" VALUES(24,6,'view_chatuser','Can view 聊天用户信息');
INSERT INTO "auth_permission" VALUES(25,7,'add_room','Can add 聊天室信息');
INSERT INTO "auth_permission" VALUES(26,7,'change_room','Can change 聊天室信息');
INSERT INTO "auth_permission" VALUES(27,7,'delete_room','Can delete 聊天室信息');
INSERT INTO "auth_permission" VALUES(28,7,'view_room','Can view 聊天室信息');
INSERT INTO "auth_permission" VALUES(29,8,'add_message','Can add 消息');
INSERT INTO "auth_permission" VALUES(30,8,'change_message','Can change 消息');
INSERT INTO "auth_permission" VALUES(31,8,'delete_message','Can delete 消息');
INSERT INTO "auth_permission" VALUES(32,8,'view_message','Can view 消息');
CREATE TABLE "auth_group" ("id" integer NOT NULL PRIMARY KEY AUTOINCREMENT, "name" varchar(150) NOT NULL UNIQUE);
CREATE TABLE "chatApp_chatuser_groups" ("id" integer NOT NULL PRIMARY KEY AUTOINCREMENT, "chatuser_id" bigint NOT NULL REFERENCES "chatApp_chatuser" ("id") DEFERRABLE INITIALLY DEFERRED, "group_id" integer NOT NULL REFERENCES "auth_group" ("id") DEFERRABLE INITIALLY DEFERRED);
CREATE TABLE "chatApp_chatuser_user_permissions" ("id" integer NOT NULL PRIMARY KEY AUTOINCREMENT, "chatuser_id" bigint NOT NULL REFERENCES "chatApp_chatuser" ("id") DEFERRABLE INITIALLY DEFERRED, "permission_id" integer NOT NULL REFERENCES "auth_permission" ("id") DEFERRABLE INITIALLY DEFERRED);
CREATE TABLE "django_admin_log" ("id" integer NOT NULL PRIMARY KEY AUTOINCREMENT, "object_id" text NULL, "object_repr" varchar(200) NOT NULL, "action_flag" smallint unsigned NOT NULL CHECK ("action_flag" >= 0), "change_message" text NOT NULL, "content_type_id" integer NULL REFERENCES "django_content_type" ("id") DEFERRABLE INITIALLY DEFERRED, "user_id" bigint NOT NULL REFERENCES "chatApp_chatuser" ("id") DEFERRABLE INITIALLY DEFERRED, "action_time" datetime NOT NULL);
INSERT INTO "django_admin_log" VALUES(1,'1','无锡1区 (0)',1,'[{"added": {}}]',7,3,'2024-11-07 06:12:02.753196');
INSERT INTO "django_admin_log" VALUES(2,'2','无锡2区 (0)',1,'[{"added": {}}]',7,3,'2024-11-07 06:12:11.122969');
INSERT INTO "django_admin_log" VALUES(3,'3','苏州1区 (0)',1,'[{"added": {}}]',7,3,'2024-11-07 06:12:19.932607');
INSERT INTO "django_admin_log" VALUES(4,'4','上海1区 (0)',1,'[{"added": {}}]',7,3,'2024-11-07 06:12:25.135080');
INSERT INTO "django_admin_log" VALUES(5,'5','wuxi (0)',1,'[{"added": {}}]',7,1,'2024-11-14 01:10:58.505222');
INSERT INTO "django_admin_log" VALUES(6,'5','wuxi (0)',3,'',7,1,'2024-11-14 06:19:53.810715');
INSERT INTO "django_admin_log" VALUES(7,'4','上海1区 (0)',3,'',7,1,'2024-11-14 06:19:53.811715');
INSERT INTO "django_admin_log" VALUES(8,'3','苏州1区 (0)',3,'',7,1,'2024-11-14 06:19:53.812652');
INSERT INTO "django_admin_log" VALUES(9,'2','无锡2区 (0)',3,'',7,1,'2024-11-14 06:19:53.813655');
INSERT INTO "django_admin_log" VALUES(10,'1','无锡1区 (0)',3,'',7,1,'2024-11-14 06:19:53.814651');
INSERT INTO "django_admin_log" VALUES(11,'6','room1 (0)',1,'[{"added": {}}]',7,1,'2024-11-14 06:20:05.386497');
INSERT INTO "django_admin_log" VALUES(12,'7','room2 (0)',1,'[{"added": {}}]',7,1,'2024-11-14 06:20:21.456573');
INSERT INTO "django_admin_log" VALUES(13,'8','room3 (0)',1,'[{"added": {}}]',7,1,'2024-11-14 06:20:27.952805');
INSERT INTO "django_admin_log" VALUES(14,'9','room4 (0)',1,'[{"added": {}}]',7,1,'2024-11-14 06:20:34.295742');
CREATE TABLE "django_session" ("session_key" varchar(40) NOT NULL PRIMARY KEY, "session_data" text NOT NULL, "expire_date" datetime NOT NULL);
INSERT INTO "django_session" VALUES('tdfrawxcdrse5t47d8xmok2ye3ik3wre','.eJxVjDEOAiEQRe9CbQgwo6Cl_Z6BDDDIqoFk2a2Md1eSLbT9773_Ep62tfit8-LnJC5Ci8PvFig-uA6Q7lRvTcZW12UOcihyp11OLfHzurt_B4V6-dbMVmGKZ4QI2aA1aBQ4jHhCDZGPLgCHpBQlxZQtax6OM6CJIKsg3h_Vbjey:1t8tza:T-SjaghVbjFUX3UtyQwAHcpSuy_rp3iclr-PoodeElI','2024-11-21 04:19:34.273907');
INSERT INTO "django_session" VALUES('n8t2qy3wo4zbdxm8ffczx6x3kgmvf1qh','.eJxVjDEOAiEQRe9CbQgwo6Cl_Z6BDDDIqoFk2a2Md1eSLbT9773_Ep62tfit8-LnJC5Ci8PvFig-uA6Q7lRvTcZW12UOcihyp11OLfHzurt_B4V6-dbMVmGKZ4QI2aA1aBQ4jHhCDZGPLgCHpBQlxZQtax6OM6CJIKsg3h_Vbjey:1tBOLQ:lAxAGsVDV1Mhu7U8Hk3hpSE9yZA5efhV2rtpa7CbZxQ','2024-11-28 01:08:24.894967');
INSERT INTO "django_session" VALUES('nwl1jzebdf5kib7taok6msihiea8zqyi','.eJxVjEsOwiAUAO_C2hA-5efSvWcg7_GoVA0kpV0Z764kXeh2ZjIvFmHfStx7XuNC7MwmdvplCOmR6xB0h3prPLW6rQvykfDDdn5tlJ-Xo_0bFOhlbH2Ys_IuSRWStkIZic7hjEhOZAVaACiJPggkAjJpwvxF2hrrnVGavT_kRDfv:1tBQZF:Re5DoMjNpunLk9ppMbVr8I5jN0DoDUY28zUqSTQ9Tn8','2024-11-28 03:30:49.872477');
CREATE TABLE "chatApp_chatuser" ("id" integer NOT NULL PRIMARY KEY AUTOINCREMENT, "password" varchar(128) NOT NULL, "last_login" datetime NULL, "is_superuser" bool NOT NULL, "username" varchar(150) NOT NULL UNIQUE, "first_name" varchar(150) NOT NULL, "last_name" varchar(150) NOT NULL, "email" varchar(254) NOT NULL, "is_staff" bool NOT NULL, "is_active" bool NOT NULL, "date_joined" datetime NOT NULL, "nickname" varchar(32) NOT NULL, "img" varchar(100) NULL, "phone" varchar(11) NULL);
INSERT INTO "chatApp_chatuser" VALUES(1,'pbkdf2_sha256$870000$0zUch5BeY56ap052yK6bba$g55OgGZiEmyLKdOU5vzLXnz2eWhxjATPmepxGmcueH8=','2024-11-14 01:08:24.777401',1,'test','','','645224083@qq.com',1,1,'2024-10-21 08:09:12.854006','冰海','headimage/1.jpg','');
INSERT INTO "chatApp_chatuser" VALUES(2,'pbkdf2_sha256$870000$NJXF6xWaCWUKjKlqd0zQCJ$TtUw9+a/AWUBbk8PAFGpjZSB3ErqtXldbgcqxKbEGD0=','2024-10-21 08:18:36.008067',1,'test5','','','645224083@qq.com',1,1,'2024-10-21 08:18:35.059058','冰海1','headimage/1_nJRiY5R.jpg','');
INSERT INTO "chatApp_chatuser" VALUES(3,'pbkdf2_sha256$870000$2snKUsUFOnQzSnBQHoAdUw$BpKz5bG2OXdTEcmkNbi0ziO4wx8j4b6wp9i+RcoipOo=','2024-11-13 08:23:30.599734',1,'django','','','645224083@qq.com',1,1,'2024-11-07 06:10:28.964247','','',NULL);
INSERT INTO "chatApp_chatuser" VALUES(4,'pbkdf2_sha256$870000$MU1tYDE6xZYSl9MDARhFvZ$yDK5oyQqRM8cPlKZYO2/OhDkxDj3Y/tI8Qrk1wh6L9g=','2024-11-14 03:30:49.693098',0,'test11','','','645224083@qq.com',0,1,'2024-11-14 03:30:48.673782','张三','headimage/1_evSM4W9.jpg','');
CREATE TABLE "chatApp_room" ("id" integer NOT NULL PRIMARY KEY AUTOINCREMENT, "name" varchar(128) NOT NULL);
INSERT INTO "chatApp_room" VALUES(6,'room1');
INSERT INTO "chatApp_room" VALUES(7,'room2');
INSERT INTO "chatApp_room" VALUES(8,'room3');
INSERT INTO "chatApp_room" VALUES(9,'room4');
CREATE TABLE "chatApp_room_online" ("id" integer NOT NULL PRIMARY KEY AUTOINCREMENT, "room_id" bigint NOT NULL REFERENCES "chatApp_room" ("id") DEFERRABLE INITIALLY DEFERRED, "chatuser_id" bigint NOT NULL REFERENCES "chatApp_chatuser" ("id") DEFERRABLE INITIALLY DEFERRED);
CREATE TABLE "chatApp_message" ("id" integer NOT NULL PRIMARY KEY AUTOINCREMENT, "content" varchar(512) NOT NULL, "timestamp" datetime NOT NULL, "user_id" bigint NOT NULL REFERENCES "chatApp_chatuser" ("id") DEFERRABLE INITIALLY DEFERRED, "room_id" bigint NOT NULL REFERENCES "chatApp_room" ("id") DEFERRABLE INITIALLY DEFERRED);
DELETE FROM sqlite_sequence;
INSERT INTO "sqlite_sequence" VALUES('django_migrations',21);
INSERT INTO "sqlite_sequence" VALUES('django_content_type',8);
INSERT INTO "sqlite_sequence" VALUES('auth_permission',32);
INSERT INTO "sqlite_sequence" VALUES('auth_group',0);
INSERT INTO "sqlite_sequence" VALUES('django_admin_log',14);
INSERT INTO "sqlite_sequence" VALUES('chatApp_chatuser',4);
INSERT INTO "sqlite_sequence" VALUES('chatApp_room',9);
INSERT INTO "sqlite_sequence" VALUES('chatApp_room_online',22);
CREATE UNIQUE INDEX "django_content_type_app_label_model_76bd3d3b_uniq" ON "django_content_type" ("app_label", "model");
CREATE UNIQUE INDEX "auth_group_permissions_group_id_permission_id_0cd325b0_uniq" ON "auth_group_permissions" ("group_id", "permission_id");
CREATE INDEX "auth_group_permissions_group_id_b120cbf9" ON "auth_group_permissions" ("group_id");
CREATE INDEX "auth_group_permissions_permission_id_84c5c92e" ON "auth_group_permissions" ("permission_id");
CREATE UNIQUE INDEX "auth_permission_content_type_id_codename_01ab375a_uniq" ON "auth_permission" ("content_type_id", "codename");
CREATE INDEX "auth_permission_content_type_id_2f476e4b" ON "auth_permission" ("content_type_id");
CREATE UNIQUE INDEX "chatApp_chatuser_groups_chatuser_id_group_id_a8d7adcb_uniq" ON "chatApp_chatuser_groups" ("chatuser_id", "group_id");
CREATE INDEX "chatApp_chatuser_groups_chatuser_id_96a6d123" ON "chatApp_chatuser_groups" ("chatuser_id");
CREATE INDEX "chatApp_chatuser_groups_group_id_7bf353c4" ON "chatApp_chatuser_groups" ("group_id");
CREATE UNIQUE INDEX "chatApp_chatuser_user_permissions_chatuser_id_permission_id_fef3833e_uniq" ON "chatApp_chatuser_user_permissions" ("chatuser_id", "permission_id");
CREATE INDEX "chatApp_chatuser_user_permissions_chatuser_id_5fbe2294" ON "chatApp_chatuser_user_permissions" ("chatuser_id");
CREATE INDEX "chatApp_chatuser_user_permissions_permission_id_f883bb95" ON "chatApp_chatuser_user_permissions" ("permission_id");
CREATE INDEX "django_admin_log_content_type_id_c4bce8eb" ON "django_admin_log" ("content_type_id");
CREATE INDEX "django_admin_log_user_id_c564eba6" ON "django_admin_log" ("user_id");
CREATE INDEX "django_session_expire_date_a5c62663" ON "django_session" ("expire_date");
CREATE UNIQUE INDEX "chatApp_room_online_room_id_chatuser_id_e43fdb67_uniq" ON "chatApp_room_online" ("room_id", "chatuser_id");
CREATE INDEX "chatApp_room_online_room_id_4709c8e3" ON "chatApp_room_online" ("room_id");
CREATE INDEX "chatApp_room_online_chatuser_id_cc4738b0" ON "chatApp_room_online" ("chatuser_id");
CREATE INDEX "chatApp_message_user_id_0eb642a4" ON "chatApp_message" ("user_id");
CREATE INDEX "chatApp_message_room_id_50435923" ON "chatApp_message" ("room_id");
COMMIT;
